time,price,Volume
1724599980,2764.21,102.5128
1724600040,2762.29,308.7598
1724600100,2762.16,170.6918
1724600160,2761.68,124.362
1724600220,2762.89,32.4087
1724600280,2763.16,64.2819
1724600340,2763.08,40.1121
1724600400,2762.67,73.2391
1724600460,2764.4,31.1987
1724600520,2764.23,38.9573
1724600640,2764.62,48.6566
1724600700,2763.24,101.7336
1724600760,2761.99,82.4153
1724600820,2762.02,77.7467
1724600940,2760.95,188.4777
1724601000,2761.07,131.678
1724601060,2760.41,90.8486
1724601120,2761.68,195.8816
1724601180,2762.2,61.505
1724601240,2762.38,20.445
1724601300,2763.6,95.9092
1724601360,2763.31,56.7063
1724601420,2762.51,12.0629
1724601480,2763.19,39.8161
1724601540,2763.81,46.4113
1724601600,2763.11,47.2476
1724601660,2767,204.5308
1724601780,2767.29,37.1841
1724601840,2768.96,235.8372
1724601960,2769.89,191.5795
1724602020,2769.02,160.3726
1724602080,2767.37,104.1108
1724602140,2767.38,28.5767
1724602260,2764.63,126.2743
1724602320,2763.13,92.2475
1724602380,2761.81,111.2986
1724602440,2764.1,94.0286
1724602500,2764.63,36.626
1724602560,2767.32,264.4573
1724602620,2765.77,151.1944
1724602680,2764.75,165.4152
1724602740,2766.52,21.1242
1724602800,2765.94,21.3521
1724602860,2764.63,44.1075
1724602920,2765,137.3619
1724602980,2764.67,27.708
1724603040,2762.44,27.1315
1724603100,2761.78,113.281
1724603160,2760.86,103.2106
1724603220,2762.25,62.7465
1724603280,2762.98,54.2705
1724603340,2762.14,50.5327
1724603400,2762.98,60.6761
1724603460,2763.06,48.4268
1724603520,2763.9,40.1453
1724603580,2766.19,108.6235
1724603640,2767.37,192.5553
1724603700,2765.68,94.5895
1724603760,2763.77,35.9837
1724603820,2763.06,51.2697
1724603880,2761.23,69.0762
1724603940,2761.72,152.2887
1724604000,2761.31,46.8198
1724604060,2761.66,63.0752
1724604120,2763.04,167.3181
1724604180,2763.6,148.8396
1724604240,2763.99,75.5991
1724604300,2764.85,158.0506
1724604360,2763.99,23.7764
1724604420,2762.44,30.2579
1724604480,2762.27,94.7226
1724604540,2762.99,22.9541
1724604600,2762.2,49.9547
1724604720,2764,21.8281
1724604780,2764.1,10.1074
1724604840,2763.08,15.6348
1724604900,2762.72,57.332
1724604960,2762.39,82.4333
1724605020,2763.05,13.2145
1724605080,2762.72,26.2083
1724605140,2763.68,53.5796
1724605200,2764.53,48.7517
1724605260,2764.47,58.5412
1724605320,2764.8,38.2464
1724605380,2763.18,31.3111
1724605440,2764.51,46.6938
1724605500,2766.49,42.9406
1724605560,2764.9,66.0695
1724605620,2764,79.4552
1724605680,2763.7,12.5821
1724605740,2765.4,58.4456
1724605800,2767.48,123.0387
1724605860,2768.43,72.2432
1724605920,2769.58,133.3901
1724605980,2769.15,116.8594
1724606040,2768.27,39.7644
1724606100,2767.68,41.1982
1724606160,2767.68,35.6456
1724606220,2767.48,37.4644
1724606280,2767.42,28.6602
1724606340,2767.23,34.4987
1724606400,2766.95,28.603
1724606460,2766.53,54.2496
1724606520,2767.77,21.7614
1724606580,2768.04,64.8271
1724606640,2767.55,184.3692
1724606700,2766.21,61.1202
1724606760,2767.09,37.5851
1724606820,2766.16,37.5898
1724606880,2766.42,38.9118
1724606940,2767.49,73.1927
1724607000,2767.4,31.3306
1724607060,2769.29,40.1706
1724607120,2766.68,31.1963
1724607180,2766.9,41.5108
1724607240,2768.37,39.936
1724607300,2767.61,23.7809
1724607360,2766.6,44.6593
1724607420,2768.3,32.3438
1724607480,2769.18,49.3744
1724607540,2769.59,60.1331
1724607600,2770,76.7785
1724607660,2772.81,288.1013
1724607720,2773,50.9557
1724607840,2772.58,17.6029
1724607900,2771.8,65.0673
1724607960,2771.26,80.789
1724608020,2771.73,24.0587
1724608080,2770.41,60.2882
1724608140,2769.47,45.0929
1724608200,2770.02,96.3508
1724608260,2770.61,36.6089
1724608320,2771.35,29.062
1724608380,2770.1,32.9333
1724608440,2770.17,19.5887
1724608500,2769.71,21.3373
1724608560,2770.59,30.3759
1724608620,2770.53,44.022
1724608680,2771.2,191.7101
1724608740,2771.7,77.2083
1724608800,2771.22,69.4762
1724608860,2770.48,25.3127
1724608920,2770,18.137
1724608980,2770.79,28.9935
1724609040,2770.5,31.8742
1724609100,2771.55,26.414
1724609160,2769.5,50.7143
1724609220,2770.39,58.8673
1724609280,2768.64,78.0688
1724609340,2768.07,13.0844
1724609400,2768.51,28.8262
1724609460,2768.03,23.5412
1724609520,2767.81,39.2403
1724609640,2767.71,41.7064
1724609700,2767.76,23.3609
1724609760,2769.91,86.8889
1724609880,2768.52,79.0075
1724609940,2769.54,51.883
1724610000,2769.21,27.3293
1724610060,2769.04,85.6695
1724610120,2768.73,59.6341
1724610240,2769.79,29.086
1724610300,2768.29,54.4402
1724610360,2768.58,41.0099
1724610420,2767.61,16.2398
1724610480,2767.61,18.4073
1724610540,2767.51,34.9487
1724610600,2767.11,31.8135
1724610660,2767.97,28.9782
1724610720,2768.56,29.2638
1724610780,2768.3,28.9943
1724610840,2768.91,46.2312
1724610900,2770,40.0509
1724610960,2771,43.6075
1724611020,2768.96,331.0776
1724611080,2768.04,40.6085
1724611140,2768.75,13.5881
1724611200,2768.86,104.5519
1724611260,2769.2,31.1289
1724611320,2769.24,87.4603
1724611380,2771.27,78.0501
1724611440,2772.27,62.7735
1724611500,2770.82,51.5709
1724611560,2771.78,41.9034
1724611620,2771.01,43.2502
1724611680,2769.2,37.6459
1724611740,2767.83,32.3526
1724611800,2766.2,83.2147
1724611860,2764.6,134.6327
1724611920,2762.61,28.9022
1724611980,2761.6,125.7048
1724612040,2761.54,368.7891
1724612100,2763.12,213.8232
1724612160,2762.42,104.8104
1724612220,2763.24,34.3781
1724612280,2763.93,71.2402
1724612340,2764.16,90.5145
1724612400,2763.54,64.1024
1724612460,2765.08,109.9139
1724612520,2763.78,32.3972
1724612580,2763.68,23.5076
1724612640,2765.2,42.9226
1724612700,2764.01,38.1589
1724612760,2764.51,38.2401
1724612820,2764.24,86.3546
1724612880,2764.77,8.2575
1724612940,2765.1,56.1642
1724613000,2764.44,31.2374
1724613060,2764.95,18.7193
1724613120,2765.82,22.6419
1724613180,2766.13,17.3673
1724613240,2766.2,8.9965
1724613300,2764.32,53.1366
1724613360,2765.89,26.8977
1724613480,2764.2,20.0886
1724613540,2762.55,32.736
1724613600,2763.54,11.838
1724613660,2764.33,21.1297
1724613720,2763.62,16.8624
1724613780,2764.52,17.0364
1724613840,2764.52,7.3566
1724613900,2764.63,28.9507
1724613960,2764.99,12.9805
1724614020,2763.4,25.8739
1724614080,2763.5,10.5501
1724614140,2764.24,14.0943
1724614200,2763.62,28.4177
1724614260,2763,24.1123
1724614320,2764.23,13.8973
1724614380,2764.16,43.7655
1724614440,2764.63,15.9529
1724614500,2764.99,17.424
1724614560,2764.53,18.6787
1724614620,2764.63,13.9731
1724614680,2763.88,30.803
1724614740,2763.61,29.612
1724614800,2763.79,33.6448
1724614860,2764.41,19.8329
1724614920,2764.33,14.1733
1724614980,2763.4,11.2395
1724615040,2764.49,29.4261
1724615100,2764.52,24.8698
1724615160,2764.65,14.9061
1724615220,2766.24,23.8666
1724615280,2766.51,24.958
1724615340,2766.52,5.5547
1724615400,2765.88,47.0905
1724615460,2765.33,19.4487
1724615520,2766.39,11.1331
1724615580,2765.92,17.7751
1724615640,2766.28,12.523
1724615700,2766.19,24.7783
1724615760,2766.06,16.4996
1724615820,2766.19,26.121
1724615880,2766.2,5.631
1724615940,2766.3,13.2716
1724616000,2767.2,35.9332
1724616060,2766.37,36.197
1724616120,2766.86,28.9051
1724616180,2766.73,33.4082
1724616240,2765.8,28.3127
1724616300,2766.12,15.1536
1724616360,2767.18,60.6571
1724616420,2767.25,51.6249
1724616480,2767.66,82.8781
1724616540,2768.57,47.1486
1724616600,2769.34,52.1779
1724616660,2769.86,67.8942
1724616720,2769.69,23.3759
1724616780,2768.97,22.8674
1724616900,2770.34,36.8764
1724616960,2769.28,35.5093
1724617020,2768.03,111.4751
1724617080,2767.61,39.5155
1724617140,2766.4,122.5459
1724617200,2765.23,37.3103
1724617260,2765.63,20.5271
1724617320,2766.54,26.2917
1724617380,2765.01,83.8687
1724617440,2765.67,16.2048
1724617500,2765.67,12.3215
1724617560,2766.54,10.0104
1724617620,2767.13,15.8382
1724617680,2765.82,70.2228
1724617740,2766.15,88.0616
1724617800,2766.15,61.4951
1724617860,2768.64,30.1785
1724617920,2768.44,44.646
1724617980,2768.4,32.0656
1724618040,2769.38,61.5383
1724618100,2768.79,25.4721
1724618160,2769.71,15.6336
1724618220,2768.81,40.9879
1724618280,2769.39,45.1902
1724618340,2769.25,24.3758
1724618400,2770.33,64.2234
1724618460,2770.34,24.7741
1724618520,2771.4,68.2974
1724618580,2771.59,7.9766
1724618640,2770.81,92.2169
1724618700,2770.84,71.6913
1724618760,2771.35,41.3122
1724618820,2771.99,32.3853
1724618880,2772.7,83.0665
1724618940,2771.29,79.0909
1724619000,2772.25,34.3497
1724619060,2772.59,116.7429
1724619120,2772.33,50.6571
1724619180,2770.73,142.049
1724619240,2771.19,28.2168
1724619300,2771.19,6.0292
1724619360,2770.27,68.1829
1724619420,2769.73,32.5923
1724619480,2769,55.9954
1724619540,2770.08,18.6313
1724619600,2770.47,37.8929
1724619660,2769.52,39.6303
1724619720,2770.53,18.1264
1724619780,2769.99,28.6932
1724619840,2769.71,22.945
1724619900,2770.87,38.2955
1724619960,2771.29,50.3573
1724620020,2772.25,59.4523
1724620080,2774.14,130.8048
1724620140,2779.5,1450.3299
1724620200,2778.35,79.5673
1724620260,2779.48,47.9667
1724620320,2777.56,125.4635
1724620380,2778.31,30.7307
1724620440,2779.1,136.0175
1724620500,2780.63,134.0767
1724620560,2782.51,238.233
1724620620,2783.81,383.3964
1724620680,2784.32,146.1411
1724620740,2783.98,112.0215
1724620800,2786.2,384.0195
1724620860,2791.32,393.175
1724620920,2790.57,881.3554
1724620980,2789.31,727.4554
1724621040,2785.38,559.2884
1724621100,2787.23,368.2884
1724621160,2789.39,218.6348
1724621220,2786.4,337.9107
1724621280,2789,273.1523
1724621340,2789.25,660.0477
1724621400,2790.89,378.0458
1724621460,2784,252.4361
1724621520,2782.99,55.7975
1724621580,2785,175.7561
1724621640,2785.37,43.9332
1724621700,2782.35,88.2214
1724621760,2783.59,38.2472
1724621820,2783.45,32.7292
1724621880,2780.61,76.8969
1724621940,2780.36,223.4897
1724622060,2783.28,436.9346
1724622120,2781.4,97.9672
1724622180,2777.46,91.4634
1724622240,2777.45,104.1972
1724622300,2776.74,38.1361
1724622360,2778.91,114.2858
1724622420,2776.31,96.2387
1724622480,2778.89,32.9193
1724622540,2777.18,106.3869
1724622600,2778.48,39.4723
1724622660,2779.36,44.3883
1724622720,2778.56,48.9652
1724622780,2779.02,37.511
1724622840,2778.89,107.3652
1724622900,2780,39.2087
1724622960,2781.51,64.573
1724623020,2782.1,41.3852
1724623080,2780.23,106.2121
1724623140,2779.11,100.2643
1724623200,2781.99,92.9261
1724623260,2782.97,88.0635
1724623320,2784.73,121.9107
1724623380,2783.21,77.309
1724623440,2784.06,52.0041
1724623500,2780.49,41.7143
1724623620,2776.42,192.3746
1724623680,2778.64,114.8599
1724623800,2784.43,280.5769
1724623860,2784.13,253.1312
1724623920,2785.41,358.255
1724623980,2785.4,147.4778
1724624040,2784.75,220.6306
1724624100,2783.01,241.7667
1724624160,2780.48,314.0209
1724624220,2780.76,212.607
1724624280,2780.52,108.3683
1724624340,2779.26,218.3613
1724624400,2779.99,171.8487
1724624460,2777.01,65.9829
1724624520,2775.73,133.2836
1724624580,2774.84,93.5525
1724624640,2774.41,132.2883
1724624700,2770.46,133.3833
1724624760,2772.25,188.0397
1724624820,2771.6,170.9225
1724624940,2771.34,31.4918
1724625000,2769.7,120.2087
1724625060,2770.35,43.5145
1724625120,2771.53,56.8387
1724625180,2771.3,33.9613
1724625240,2769.37,86.7692
1724625300,2768.3,47.5967
1724625360,2769.87,60.4905
1724625420,2767.25,126.9321
1724625480,2768.8,100.8563
1724625540,2767.77,52.9928
1724625600,2768.97,56.4756
1724625660,2769,248.7901
1724625720,2769.38,63.5229
1724625840,2768.28,29.6113
1724625900,2768.27,14.7702
1724625960,2768.45,161.8423
1724626020,2767,44.8486
1724626080,2767.37,96.5187
1724626140,2767.65,14.8467
1724626200,2766.04,153.766
1724626260,2766.7,51.6117
1724626320,2766.93,73.1338
1724626380,2767.87,100.084
1724626440,2768.01,143.6736
1724626500,2768.59,72.9863
1724626560,2770.27,299.6442
1724626620,2772.08,173.7844
1724626680,2771.91,107.511
1724626740,2771.04,163.4991
1724626800,2771,287.4224
1724626860,2771,98.7422
1724626920,2772.34,156.6938
1724626980,2774.44,150.1011
1724627040,2776.21,255.6065
1724627100,2776,310.6241
1724627160,2775,393.844
1724627220,2772.84,111.7844
1724627280,2772.58,52.9362
1724627340,2773,74.2092
1724627400,2772.79,54.8726
1724627460,2773.92,208.3484
1724627520,2773.92,85.3125
1724627580,2778.6,471.4149
1724627640,2777.97,371.2813
1724627700,2777.97,243.1827
1724627760,2775.24,67.3254
1724627820,2771.6,126.978
1724627880,2767.17,174.7662
1724627940,2765.33,207.0978
1724628000,2763.99,274.7959
1724628060,2764.22,56.9651
1724628120,2765.48,266.2385
1724628180,2767.53,101.3533
1724628240,2768.92,124.4816
1724628300,2768.9,23.9467
1724628360,2772.63,292.3724
1724628420,2775.79,164.38
1724628480,2775.94,335.3205
1724628540,2768.28,408.5106
1724628600,2768.1,130.3113
1724628660,2768.4,216.0134
1724628720,2766.25,94.2118
1724628780,2764.19,621.7612
1724628840,2765.59,35.6307
1724628900,2762.79,109.0427
1724628960,2764.41,167.6733
1724629020,2763.6,63.6977
1724629080,2760.69,325.5452
1724629140,2760.79,440.0774
1724629200,2759.3,85.8433
1724629260,2757,170.8157
1724629320,2751.72,848.4488
1724629380,2755.12,263.3734
1724629440,2754.4,100.3312
1724629500,2754.59,467.533
1724629560,2753.41,663.8328
1724629680,2744.53,792.8451
1724629740,2743.07,1107.1006
1724629860,2743.5,366.1512
1724629920,2744.64,185.5826
1724629980,2746.22,139.0159
1724630040,2744.81,340.9099
1724630100,2745.88,101.873
1724630160,2747,62.7627
1724630220,2747.36,55.9296
1724630280,2747.95,36.8182
1724630340,2746.13,253.5583
1724630400,2746.95,193.8151
1724630460,2749.24,82.9291
1724630520,2749.4,170.8611
1724630580,2752.42,283.7703
1724630640,2753.21,87.1749
1724630700,2754.76,90.3091
1724630760,2755.12,57.1562
1724630820,2756.79,48.6338
1724630880,2754,267.5707
1724630940,2753.72,41.0338
1724631000,2753.63,100.662
1724631060,2756.8,52.7128
1724631120,2753.65,138.4421
1724631180,2751.93,81.442
1724631240,2747.79,297.522
1724631300,2746.28,131.6737
1724631360,2752.58,71.9256
1724631420,2753.9,101.8039
1724631480,2753.34,43.1799
1724631540,2751.21,46.7123
1724631600,2749.62,62.1388
1724631660,2751.79,174.3934
1724631720,2752.67,42.9202
1724631780,2754.49,127.6284
1724631840,2756.34,86.6922
1724631900,2756.03,91.4377
1724631960,2756.21,52.3744
1724632020,2755.12,47.8978
1724632080,2757.02,104.447
1724632140,2756.75,66.0816
1724632200,2757.96,60.9692
1724632260,2757.28,64.4035
1724632320,2759.86,98.7454
1724632380,2760.95,66.7832
1724632440,2761.5,46.5293
1724632500,2760.26,42.1833
1724632560,2757.95,25.2003
1724632620,2759.41,18.6235
1724632680,2757.01,49.4279
1724632800,2753.3,94.7989
1724632860,2754,75.1219
1724632920,2753.21,56.94
1724632980,2751.64,101.3269
1724633040,2751.49,85.2188
1724633100,2750.73,221.08
1724633160,2752.79,77.1644
1724633220,2752.8,32.0808
1724633280,2753.89,131.958
1724633340,2752.6,50.7524
1724633400,2751.32,84.7846
1724633460,2744.08,510.1372
1724633520,2748.76,159.4736
1724633580,2752.3,70.5586
1724633640,2754.12,126.9658
1724633700,2755.99,66.6012
1724633760,2753.95,42.8508
1724633820,2753.26,71.1236
1724633880,2754.12,20.3663
1724633940,2753.41,15.1106
1724634000,2754.5,65.0319
1724634060,2753.21,39.0459
1724634120,2752.79,27.5021
1724634180,2751,45.2687
1724634240,2750.55,171.9711
1724634360,2749.98,94.2383
1724634420,2748.51,54.1462
1724634480,2748.01,64.1428
1724634540,2749.39,71.8051
1724634600,2750,21.9338
1724634660,2750.8,272.8217
1724634780,2753.63,46.0972
1724634840,2755.57,64.7519
1724634900,2753.93,117.1188
1724634960,2754.16,57.158
1724635020,2754.59,23.6352
1724635080,2754.59,26.3198
1724635140,2754.46,49.6195
1724635200,2753.99,19.6062
1724635260,2756.23,396.3018
1724635320,2755.65,98.7891
1724635380,2755.23,103.3206
1724635440,2754.03,24.5559
1724635500,2754.83,19.0212
1724635560,2757.02,32.5619
1724635620,2755.95,24.9714
1724635680,2755.28,30.5885
1724635740,2756.18,24.0409
1724635800,2755.37,57.8063
1724635860,2753.21,66.289
1724635920,2751.36,126.4801
1724635980,2750.51,58.7749
1724636040,2749.73,63.9933
1724636100,2748.59,30.6422
1724636160,2752.25,162.8899
1724636220,2749.61,59.7258
1724636280,2748.52,85.2121
1724636400,2749.87,50.9142
1724636460,2751.12,30.5705
1724636520,2749,40.1491
1724636580,2746.6,145.3284
1724636640,2747.06,206.1328
1724636700,2748.2,42.5271
1724636760,2749.4,48.0705
1724636820,2749.82,21.6743
1724636880,2748.41,113.2579
1724636940,2748.44,47.7628
1724637000,2744.04,150.8286
1724637060,2742.92,516.6272
1724637120,2743.8,95.1582
1724637180,2742.9,126.1369
1724637240,2743.13,58.0737
1724637300,2743.6,59.0665
1724637420,2744.76,92.0356
1724637480,2745.05,22.3699
1724637540,2745.6,106.8907
1724637600,2747.43,152.785
1724637660,2745.78,81.2458
1724637720,2747.42,103.0419
1724637780,2748.39,71.1429
1724637840,2744.71,96.0657
1724637900,2740.62,293.5057
1724637960,2744.31,150.2757
1724638020,2742.22,66.2638
1724638080,2740.99,539.4564
1724638140,2742.15,90.5854
1724638200,2743.03,196.3509
1724638260,2742.53,206.7025
1724638320,2744.8,162.8056
1724638380,2743.84,72.9299
1724638440,2744.59,46.269
1724638500,2745.72,309.8025
1724638560,2744.93,117.3175
1724638620,2745.99,80.6938
1724638680,2746.16,93.77
1724638740,2742.5,127.5436
1724638800,2726.08,3804.9258
1724638860,2730.85,717.0974
1724638920,2730.01,232.6121
1724638980,2729.68,198.321
1724639040,2733.6,183.5273
1724639100,2735.79,158.8659
1724639160,2739.38,506.4178
1724639220,2741.61,154.5648
1724639280,2739.4,144.3025
1724639340,2737.91,60.7571
1724639400,2737.1,104.1294
1724639460,2737.59,117.6503
1724639520,2737.67,218.4714
1724639580,2739.86,139.81
1724639640,2738.96,78.0214
1724639700,2736.55,34.3646
1724639760,2733.77,159.2107
1724639820,2734.99,69.8502
1724639880,2737.89,341.4371
1724639940,2735.26,29.4945
1724640000,2735,93.0105
1724640060,2735.03,123.172
1724640120,2735.21,52.3564
1724640180,2736.81,62.8511
1724640240,2736.61,93.413
1724640300,2733.99,23.365
1724640360,2733.61,87.9573
1724640420,2734.03,54.3434
1724640480,2735.79,237.2883
1724640540,2736.08,97.0397
1724640600,2738.39,440.6049
1724640660,2738.18,133.6698
1724640720,2738.77,42.9331
1724640780,2738.92,39.1233
1724640840,2740.51,266.3492
1724640900,2741.34,127.037
1724640960,2741.53,49.7265
1724641020,2741.82,29.7391
1724641080,2741.59,22.3728
1724641140,2741.6,122.2237
1724641200,2741.5,188.2052
1724641260,2741,66.6542
1724641320,2743.12,99.3966
1724641380,2743.23,86.796
1724641440,2741.51,95.0802
1724641500,2742.2,222.7445
1724641560,2740.49,29.3387
1724641620,2741.4,23.4895
1724641680,2738.98,81.6714
1724641740,2740.5,25.9701
1724641860,2740.83,223.4364
1724641920,2739.82,160.3441
1724641980,2741.21,98.0025
1724642040,2741.8,78.9266
1724642100,2742.6,29.4983
1724642160,2745.39,105.6471
1724642220,2742.8,90.4351
1724642280,2743.55,120.2363
1724642340,2744.99,148.6031
1724642400,2743.17,44.095
1724642460,2741.87,105.0876
1724642520,2743.69,56.4638
1724642580,2744.2,33.7876
1724642640,2745.54,115.2711
1724642700,2744.64,62.7715
1724642760,2744.01,38.5027
1724642820,2743.97,192.9146
1724642880,2743.19,18.198
1724642940,2744.01,89.1606
1724643000,2742.46,94.5792
1724643060,2743.61,90.3886
1724643120,2744.79,395.9252
1724643180,2743.92,119.8083
1724643240,2742.88,20.7185
1724643300,2743.08,39.5154
1724643360,2742.31,33.8916
1724643420,2741.96,34.9857
1724643480,2741.19,114.9782
1724643540,2740.07,285.7605
1724643600,2742.38,149.1135
1724643660,2742.75,25.1037
1724643840,2741.97,41.5253
1724643900,2742.04,149.3729
1724643960,2741.47,154.9212
1724644020,2742.22,103.4895
1724644080,2743.39,83.8275
1724644140,2742.71,31.3548
1724644200,2743.04,30.8957
1724644260,2743.92,495.9351
1724644320,2743.47,283.4337
1724644380,2744.34,19.6844
1724644440,2743.6,27.3649
1724644500,2744,13.515
1724644560,2744.35,25.102
1724644620,2743.57,135.6793
1724644680,2744.27,18.6496
1724644740,2744.34,3.8717
1724644800,2744.78,68.3124
1724644860,2746.27,70.1289
1724644920,2746.55,58.4588
1724644980,2746.55,105.3579
1724645040,2747.36,59.3752
1724645100,2746.97,84.0416
1724645160,2745.85,45.1097
1724645280,2747.87,339.0393
1724645340,2747.74,120.1823
1724645400,2745.52,28.3533
1724645460,2744.62,88.6662
1724645520,2744.61,80.5457
1724645580,2743.9,50.675
1724645640,2743.8,21.2209
1724645700,2743.01,93.8977
1724645760,2742.81,58.9096
1724645820,2746.08,113.3698
1724645880,2747.81,140.792
1724645940,2749.72,81.5717
1724646120,2751.21,85.6113
1724646180,2751.4,124.5328
1724646240,2750.21,39.4951
1724646300,2750.02,15.1153
1724646360,2750.6,46.9217
1724646420,2749.01,106.0822
1724646540,2749.37,41.9013
1724646600,2749.24,57.7178
1724646660,2748.05,16.4686
1724646720,2749.24,47.964
1724646780,2748.23,14.4464
1724646840,2748.22,15.8586
1724646900,2748.44,27.7067
1724646960,2747.02,22.0983
1724647020,2747.8,66.1973
1724647080,2748.92,69.23
1724647140,2749.4,9.6261
1724647200,2748.05,18.6795
1724647260,2747.19,57.7012
1724647320,2747.86,25.2752
1724647380,2746.65,216.3477
1724647440,2746.02,47.763
1724647500,2745.59,25.3592
1724647560,2745.38,43.7484
1724647620,2747.39,34.1256
1724647680,2747.18,51.7239
1724647740,2747.36,54.3255
1724647800,2748.82,68.9696
1724647860,2748.82,31.6056
1724647920,2750,84.043
1724648040,2748.62,25.3522
1724648100,2748.64,25.506
1724648160,2749.44,167.1276
1724648220,2751.92,168.5938
1724648280,2751.2,41.6434
1724648340,2751.35,75.3707
1724648400,2750.01,24.0767
1724648460,2750.87,12.3691
1724648520,2751.44,25.916
1724648580,2751.15,17.642
1724648640,2749.77,140.6444
1724648700,2749.79,119.7812
1724648760,2750.41,64.2213
1724648820,2750.29,69.3328
1724648880,2749.73,80.0191
1724648940,2750.8,54.3866
1724649000,2750.9,56.2657
1724649060,2750.77,53.0808
1724649120,2749.94,43.6162
1724649180,2750,179.559
1724649240,2748.61,31.0354
1724649300,2750.2,72.0068
1724649360,2748.86,28.0994
1724649420,2750,13.9999
1724649480,2749.4,22.2936
1724649540,2750.17,450.2708
1724649600,2748.02,91.3124
1724649660,2748.99,50.8986
1724649720,2748.47,26.7276
1724649780,2747.7,159.8221
1724649840,2747.32,17.5514
1724649900,2746,138.3859
1724650020,2742.62,235.687
1724650080,2741.85,69.9036
1724650140,2740.8,74.4152
1724650260,2743.29,213.9293
1724650320,2744.39,76.5179
1724650380,2744.86,39.1006
1724650440,2744.6,35.8275
1724650500,2745.01,29.22
1724650560,2745.84,34.2706
1724650620,2744.6,51.0036
1724650680,2744.67,35.8568
1724650800,2745.91,29.1373
1724650860,2745.61,41.5194
1724650920,2744.62,56.5015
1724650980,2746.2,25.284
1724651040,2746.22,123.8475
1724651100,2744.91,74.0246
1724651160,2744.07,52.7192
1724651220,2744.13,186.1462
1724651280,2744.44,31.9263
1724651340,2745.66,39.9614
1724651400,2746.67,61.7729
1724651460,2746.05,80.1247
1724651520,2746.07,88.8256
1724651580,2745.33,27.7995
1724651700,2744.87,17.0102
1724651760,2744.65,25.592
1724651820,2743.58,40.0222
1724651880,2743.62,23.7867
1724651940,2743.62,33.8042
1724652000,2743.99,19.7103
1724652060,2744.92,33.1371
1724652120,2745.8,8.0149
1724652180,2745.11,35.4984
1724652240,2742.52,102.2625
1724652300,2742.12,60.4686
1724652360,2740.87,143.9393
1724652420,2741.01,114.5593
1724652480,2741.11,103.3868
1724652540,2741.46,23.2761
1724652600,2739.18,82.5377
1724652660,2736.84,155.283
1724652720,2735.77,80.7513
1724652780,2734.59,173.0669
1724652840,2734.76,95.9693
1724652900,2735.23,46.5026
1724652960,2735.2,142.6654
1724653020,2733.88,193.9971
1724653140,2735.39,87.2235
1724653200,2739.13,89.6236
1724653260,2738.68,41.7846
1724653320,2738.88,29.3514
1724653380,2739.4,34.1727
1724653440,2739.1,39.8537
1724653500,2740.26,71.1336
1724653560,2738.94,37.4782
1724653620,2737.97,271.5576
1724653680,2737.55,57.1937
1724653740,2737.56,45.4887
1724653800,2739.71,45.7185
1724653860,2739.01,108.1687
1724653920,2739.18,67.3494
1724653980,2741,82.7089
1724654040,2742.98,65.7961
1724654100,2741.57,37.0915
1724654160,2741.52,61.6247
1724654220,2742.45,59.8482
1724654280,2740.91,189.5304
1724654340,2743.61,338.6958
1724654400,2745.36,165.0927
1724654460,2744.74,142.1437
1724654520,2746.31,107.1247
1724654640,2742.2,78.6998
1724654700,2743.79,59.7846
1724654760,2745.08,29.2189
1724654820,2745.1,31.5758
1724654880,2744.64,37.9354
1724654940,2742.88,140.4755
1724655000,2735.05,622.0424
1724655060,2736.39,287.2036
1724655120,2740.59,93.7345
1724655180,2737.98,33.3021
1724655240,2740,106.7907
1724655300,2738,65.4156
1724655360,2736.22,109.2251
1724655420,2736.88,97.0083
1724655480,2737.22,51.0803
1724655540,2737.87,50.9783
1724655600,2737.05,29.4404
1724655660,2735.47,63.5648
1724655720,2734.7,162.5071
1724655780,2735.91,93.4354
1724655840,2735.54,70.7458
1724655900,2733.48,157.9511
1724655960,2733.84,75.4611
1724656020,2729,460.9508
1724656080,2731.4,261.6389
1724656140,2731.57,136.0835
1724656200,2733.66,459.7816
1724656260,2732.63,44.1362
1724656320,2733.9,120.525
1724656380,2737.14,79.5733
1724656440,2739.1,103.411
1724656500,2739.7,71.9308
1724656560,2741.04,38.7088
1724656620,2742.3,130.9874
1724656680,2741.21,55.3074
1724656740,2740.27,51.8267
1724656800,2740.84,40.3062
1724656860,2741.94,34.2072
1724656920,2739.77,40.6508
1724656980,2738.34,33.163
1724657040,2737.7,13.9502
1724657100,2740.53,104.1693
1724657160,2740.65,88.8647
1724657220,2740.02,258.0443
1724657280,2740.19,16.9872
1724657340,2739.72,81.1681
1724657400,2738.7,59.1181
1724657460,2740.49,85.5668
1724657520,2740.56,64.5894
1724657640,2742.18,52.5692
1724657700,2740,69.9965
1724657820,2740,80.2047
1724657880,2739.23,217.8904
1724657940,2739.61,186.1398
1724658000,2739.32,74.807
1724658060,2739,160.056
1724658120,2736.08,105.0682
1724658180,2735.13,138.7797
1724658300,2735,115.9438
1724658360,2736.08,104.0282
1724658420,2736.07,50.449
1724658480,2733.96,152.0169
1724658540,2733.92,215.6347
1724658600,2734.43,48.3337
1724658660,2734.77,37.8786
1724658720,2734.46,97.2974
1724658780,2734.33,52.3299
1724658840,2733.97,51.5381
1724658960,2733.41,139.4196
1724659020,2733.42,17.6203
1724659080,2733.99,82.076
1724659140,2733.13,49.2074
1724659200,2731.62,160.8035
1724659260,2733.53,125.8568
1724659320,2737.23,264.914
1724659380,2736.51,91.0227
1724659440,2738.07,131.0133
1724659500,2738.48,140.3198
1724659560,2739.22,62.2541
1724659620,2739.77,72.9149
1724659680,2739.6,75.5446
1724659740,2740.81,143.7132
1724659800,2740.54,132.6395
1724659860,2741.71,71.3564
1724659980,2741.08,91.3892
1724660040,2741.19,38.3776
1724660100,2741,42.5474
1724660160,2739.18,38.7678
1724660220,2742.99,122.2286
1724660340,2742.96,29.4991
1724660400,2740.5,28.1726
1724660460,2741.76,41.336
1724660520,2741.2,41.1354
1724660580,2739.51,55.5047
1724660640,2739.01,37.9896
1724660700,2740.12,48.3384
1724660760,2739,25.3746
1724660820,2738.71,46.0653
1724660880,2737.84,268.9644
1724660940,2737.82,206.5179
1724661000,2737.83,68.1957
1724661060,2740.03,191.4468
1724661120,2740.03,52.163
1724661180,2738.99,41.3741
1724661240,2738.01,46.215
1724661300,2736.19,57.0318
1724661360,2735.96,82.4299
1724661420,2737.29,31.6671
1724661540,2738.02,19.0979
1724661600,2736.28,61.067
1724661660,2736.44,46.7605
1724661720,2735.36,53.4382
1724661780,2734.5,64.5788
1724661900,2733.83,113.5223
1724661960,2735.59,61.4473
1724662080,2736.66,37.5573
1724662140,2736.54,115.1519
1724662200,2736.25,153.9329
1724662320,2737.31,87.0232
1724662380,2736.08,52.079
1724662500,2736.21,207.2885
1724662560,2736.09,54.8327
1724662620,2736.31,67.3722
1724662680,2735.66,30.6938
1724662740,2736.4,43.4066
1724662800,2736.83,81.0105
1724662860,2735.37,56.1782
1724662920,2735.77,34.954
1724662980,2735.01,40.098
1724663040,2734.6,18.7703
1724663100,2734.22,26.308
1724663160,2735.09,65.8637
1724663220,2734.75,46.2192
1724663280,2734.73,21.9363
1724663340,2733.95,48.2872
1724663400,2734.22,47.064
1724663460,2733,44.28
1724663520,2733.54,94.5258
1724663580,2732.41,40.0565
1724663640,2732.92,62.6994
1724663700,2732.01,44.5135
1724663760,2727.98,720.6523
1724663820,2728.19,229.0902
1724663880,2732.59,113.6457
1724663940,2734.02,78.3014
1724664000,2734.69,69.8144
1724664060,2736.65,100.5371
1724664120,2735.56,90.8784
1724664180,2733.78,43.2877
1724664240,2731.79,19.6605
1724664300,2728.31,114.0417
1724664360,2727.77,143.1754
1724664420,2728.09,134.546
1724664480,2728.37,57.2274
1724664540,2727.96,250.22
1724664600,2727.56,106.7178
1724664660,2724.89,128.8774
1724664720,2719.6,2655.763
1724664780,2729.18,436.1604
1724664840,2727.58,239.8055
1724664900,2726.62,166.1199
1724664960,2729.8,85.9899
1724665020,2730.12,195.6553
1724665080,2733.71,379.0582
1724665140,2731.11,276.3601
1724665200,2733.3,1143.0666
1724665260,2731.3,90.723
1724665320,2730.66,34.5969
1724665380,2729,52.0756
1724665440,2729.22,45.7149
1724665500,2727.42,82.9141
1724665560,2732.12,172.1151
1724665620,2729.75,321.6389
1724665680,2730.69,185.998
1724665740,2731.11,37.771
1724665800,2732.78,32.7037
1724665860,2733.69,47.9091
1724665920,2734.88,109.3713
1724665980,2735.63,128.7163
1724666040,2735.99,46.9863
1724666100,2735.29,40.1955
1724666160,2735.78,61.8174
1724666220,2737.84,157.9466
1724666280,2737.89,220.8449
1724666340,2739.93,156.5506
1724666400,2738.85,85.2255
1724666460,2737.98,27.0458
1724666520,2741.1,140.2318
1724666580,2741.52,203.0017
1724666640,2741.68,113.4013
1724666700,2740.6,96.8367
1724666760,2741.5,111.0082
1724666820,2741.8,37.4537
1724666880,2746.54,228.4528
1724666940,2745.63,434.9734
1724667000,2745.24,60.5086
1724667060,2745.86,36.7248
1724667120,2744.49,32.9904
1724667180,2744.42,64.351
1724667240,2744.87,49.8744
1724667360,2745.01,70.7563
1724667420,2744.01,50.1272
1724667480,2745.33,73.3541
1724667540,2745.13,109.2676
1724667600,2746.83,159.123
1724667660,2746.7,79.0237
1724667720,2747.84,75.2991
1724667780,2745.9,136.961
1724667840,2747.1,41.9182
1724667900,2746.84,124.7586
1724667960,2745.21,70.7835
1724668020,2744.71,91.4723
1724668080,2745.05,149.7473
1724668140,2745.09,79.3631
1724668200,2744.29,104.8035
1724668260,2744.7,147.732
1724668320,2746.55,122.0268
1724668380,2745.22,130.6205
1724668440,2743.01,82.714
1724668500,2743.14,127.0997
1724668560,2741.95,144.6965
1724668620,2740.61,243.2314
1724668680,2743.6,135.3576
1724668740,2745.2,86.7585
1724668800,2748.46,192.7275
1724668860,2748.01,72.5212
1724668920,2746.07,91.5164
1724668980,2745.51,77.1057
1724669040,2743.08,28.1969
1724669100,2743.35,19.8947
1724669160,2740.09,93.1305
1724669280,2739.51,87.7374
1724669340,2738.37,77.2594
1724669400,2737.67,141.4166
1724669460,2737.99,334.1532
1724669520,2737.45,104.6299
1724669580,2738.3,265.3649
1724669640,2738.79,16.961
1724669700,2738.08,31.2045
1724669760,2737.84,98.9701
1724669820,2737.86,188.4423
1724669880,2738.51,200.8221
1724669940,2737.19,111.0186
1724670000,2735.88,216.9164
1724670060,2735.47,78.8568
1724670120,2735.88,63.3587
1724670180,2737.88,73.4408
1724670240,2739.53,50.2137
1724670300,2736.54,137.3748
1724670360,2737.42,221.6148
1724670420,2739.64,84.5688
1724670480,2737.53,36.8974
1724670540,2739.24,95.8913
1724670600,2741.68,125.915
1724670660,2742.09,65.4791
1724670720,2743,68.7197
1724670780,2742.3,29.5008
1724670840,2743.61,74.2856
1724670900,2742.22,83.2911
1724670960,2741.73,77.3641
1724671020,2740.11,27.971
1724671080,2740.39,68.6415
1724671140,2739.11,35.3015
1724671200,2740.38,81.8354
1724671260,2741.99,32.7184
1724671320,2743.19,46.1512
1724671380,2742.12,30.3217
1724671440,2741.77,96.8604
1724671500,2744.49,103.7371
1724671560,2745.21,96.669
1724671620,2745.97,35.6222
1724671740,2744.92,48.7025
1724671800,2746.33,49.4271
1724671860,2743.68,430.8803
1724671920,2745.27,349.1307
1724671980,2743.76,44.1289
1724672040,2744.13,32.0295
1724672100,2743.71,27.8643
1724672160,2743.34,51.692
1724672280,2742.79,30.7111
1724672400,2743.97,18.4468
1724672460,2743.44,24.7181
1724672520,2742.22,18.9517
1724672580,2743.42,18.6027
1724672640,2742.41,23.2943
1724672700,2740.41,30.5786
1724672760,2740.79,49.5242
1724672820,2741.31,39.6795
1724672880,2739.78,175.8846
1724672940,2740.11,21.9845
1724673000,2740.5,11.9148
1724673060,2741.32,88.4804
1724673120,2740.6,18.1161
1724673180,2740.38,85.9723
1724673240,2740.59,207.8188
1724673300,2738.93,134.8982
1724673360,2739.32,181.8398
1724673420,2737.08,122.8905
1724673480,2738.2,69.3457
1724673540,2737.35,33.1636
1724673600,2737.19,561.001
1724673720,2739.62,83.4586
1724673780,2737.21,173.1617
1724673840,2737.61,85.4058
1724673900,2740.28,78.85
1724673960,2740.09,82.5245
1724674020,2739.46,26.5295
1724674080,2739.76,54.7487
1724674140,2740.18,61.8291
1724674200,2739.94,58.9035
1724674260,2741.15,32.6186
1724674320,2741.53,82.7574
1724674380,2742.46,31.2111
1724674440,2741.97,31.8545
1724674500,2741.8,45.2607
1724674560,2740.33,120.1817
1724674620,2738.62,79.5353
1724674680,2737.7,75.3419
1724674740,2738.17,43.9492
1724674800,2739.26,204.9721
1724674860,2739.34,91.6726
1724674920,2738.3,116.6439
1724674980,2737.6,98.9615
1724675040,2737.59,102.5195
1724675100,2736.66,54.9718
1724675160,2736.48,130.2288
1724675220,2735.5,192.2332
1724675280,2735.47,131.7939
1724675340,2734.57,122.34
1724675400,2734.7,306.3755
1724675460,2734.35,226.2702
1724675520,2732.83,270.9113
1724675580,2731.54,453.5151
1724675640,2728.88,451.68
1724675700,2728.04,182.8058
1724675760,2726.59,249.9492
1724675820,2726.94,231.0129
1724675880,2726.55,185.7225
1724675940,2727.72,120.4156
1724676000,2726.5,69.6041
1724676060,2724.34,129.2466
1724676120,2722,433.352
1724676180,2725.43,125.9898
1724676240,2724.4,94.0021
1724676300,2726.9,179.7861
1724676360,2728.12,100.1742
1724676420,2727.4,104.6758
1724676480,2728.05,86.6491
1724676540,2726.64,143.3767
1724676600,2723.94,164.4805
1724676720,2722.29,154.9937
1724676840,2723.43,321.123
1724676900,2727.59,187.7087
1724676960,2727.4,214.8319
1724677020,2726.25,55.5983
1724677080,2726.9,36.6498
1724677140,2725.93,68.1682
1724677200,2724.72,93.1124
1724677260,2722.09,101.69
1724677320,2723.63,100.4212
1724677380,2724.14,362.3929
1724677440,2723.52,216.5597
1724677500,2728.23,134.4445
1724677560,2728.89,178.7533
1724677620,2730.72,488.0019
1724677680,2731.42,402.2888
1724677740,2732.56,150.2099
1724677800,2733.01,130.1211
1724677860,2735.37,128.4141
1724677920,2735.13,75.0443
1724677980,2733.22,45.4428
1724678100,2732.94,65.7399
1724678160,2732.82,33.2989
1724678220,2733.22,64.0548
1724678280,2733.19,91.2969
1724678340,2735.43,104.0928
1724678400,2734.8,133.6138
1724678460,2732.93,211.4281
1724678520,2731.73,170.1213
1724678580,2729.78,157.3282
1724678640,2730.36,352.7696
1724678700,2729.78,63.0074
1724678760,2732.1,180.0933
1724678820,2734.73,344.9554
1724678880,2737.48,1804.5566
1724678940,2735,793.5355
1724679000,2733.64,139.8502
1724679060,2730.62,559.6832
1724679120,2732.19,305.0051
1724679180,2736.15,227.943
1724679240,2729.87,193.1152
1724679300,2727.2,439.567
1724679360,2729.13,171.7728
1724679420,2731.68,252.5493
1724679480,2728.92,124.359
1724679540,2726.01,74.1095
1724679600,2725.66,313.5448
1724679660,2721.4,160.5731
1724679720,2721.79,167.0569
1724679780,2719.56,222.2909
1724679840,2720.66,157.6687
1724679900,2717.19,295.3632
1724679960,2717.78,575.6649
1724680020,2718.9,238.2782
1724680080,2718.36,139.6911
1724680140,2722.6,770.5733
1724680260,2723.86,98.1923
1724680320,2723.4,153.9609
1724680380,2721.4,117.8276
1724680440,2719.2,79.386
1724680500,2721.7,113.2802
1724680560,2722.4,131.7479
1724680620,2725.8,61.9075
1724680680,2727,315.5094
1724680740,2728,574.4576
1724680800,2727.22,168.6981
1724680860,2725.57,85.9482
1724680920,2727.68,115.6274
1724680980,2729.76,201.7537
1724681040,2729.98,337.4774
1724681100,2730,131.6429
1724681160,2731.14,105.8012
1724681220,2729.78,126.2108
1724681280,2720.61,262.4603
1724681340,2719.01,205.8787
1724681400,2717.1,184.3099
1724681460,2716.63,452.8965
1724681520,2717.15,199.9304
1724681580,2717.95,186.2305
1724681640,2715.45,194.9281
1724681700,2707.57,1886.7855
1724681760,2708.84,628.9134
1724681820,2712.69,325.8113
1724681880,2710.3,203.2279
1724681940,2708.98,267.5481
1724682000,2710.71,445.7176
1724682060,2710.29,210.5315
1724682120,2709.18,158.7694
1724682180,2711.9,365.7705
1724682240,2714.95,184.7576
1724682300,2720.65,376.7201
1724682360,2720.22,238.5924
1724682420,2718.57,416.9648
1724682480,2716.89,167.0646
1724682540,2718.35,197.8689
1724682600,2719.89,152.7433
1724682660,2715.14,113.7189
1724682720,2713.29,191.08
1724682780,2715.38,155.045
1724682900,2715,79.3475
1724683020,2714.39,104.1623
1724683080,2709.71,593.8622
1724683140,2709.71,275.6787
1724683200,2713.54,215.5819
1724683260,2711.29,260.7762
1724683320,2711.59,252.8404
1724683380,2711.12,206.5837
1724683440,2713.09,111.6685
1724683500,2712.92,109.175
1724683560,2717.78,87.0288
1724683620,2719.87,452.3338
1724683680,2721.1,517.5752
1724683740,2719.81,78.8228
1724683800,2719.7,114.0567
1724683860,2720.39,103.9356
1724683920,2723.28,106.7005
1724683980,2723.64,106.7831
1724684040,2721.86,171.8281
1724684100,2721.52,253.1907
1724684160,2722.88,215.7739
1724684220,2722.37,70.1991
1724684280,2723.98,51.8905
1724684340,2725.6,190.4727
1724684400,2724.1,142.3314
1724684460,2724.68,57.7384
1724684520,2723.41,107.5435
1724684580,2723.1,33.7529
1724684640,2722.75,151.7445
1724684700,2720.17,33.9329
1724684760,2720.84,86.4602
1724684820,2719.38,69.4389
1724684880,2718.61,222.3336
1724684940,2719.89,145.4963
1724685000,2714,2092.5131
1724685060,2713.99,1197.2009
1724685120,2716.31,1052.1514
1724685180,2712.8,354.895
1724685240,2710.93,431.6437
1724685300,2708.91,512.5956
1724685360,2705.26,1786.7158
1724685420,2709.33,362.0144
1724685480,2709.98,171.8035
1724685540,2711.87,139.3364
1724685600,2712,560.1995
1724685660,2712.98,234.9063
1724685720,2715.9,73.0138
1724685780,2717.47,131.0327
1724685840,2718.8,487.0636
1724685900,2717.3,175.1064
1724685960,2716.3,142.0555
1724686020,2718.69,103.8514
1724686080,2719.17,250.8282
1724686140,2720,289.9069
1724686200,2721.19,441.1453
1724686260,2719.6,257.2801
1724686320,2719.19,76.9924
1724686380,2719.59,54.5269
1724686440,2719.19,300.6275
1724686500,2716.61,99.9336
1724686560,2716.79,39.6211
1724686620,2718.29,77.2357
1724686680,2721.12,187.0575
1724686740,2719.62,159.9493
1724686800,2720.98,229.2723
1724686860,2723.34,72.0596
1724686920,2724.78,182.0929
1724686980,2726.59,354.4396
1724687040,2726.74,77.4329
1724687100,2727.27,134.2002
1724687160,2725.2,694.2193
1724687220,2723.19,382.8428
1724687280,2725.4,444.07
1724687340,2728.27,448.3127
1724687400,2727.41,654.2012
1724687460,2727.29,78.4055
1724687520,2725.59,69.019
1724687580,2726.57,189.4955
1724687640,2726.55,53.3551
1724687700,2724.81,252.7549
1724687760,2726.37,130.3685
1724687820,2726.23,173.0444
1724687880,2722.91,131.5693
1724687940,2721.69,88.6861
1724688000,2720,135.3869
1724688060,2718.15,69.9911
1724688120,2718.86,142.0256
1724688180,2718.25,104.3895
1724688240,2717.64,54.9685
1724688300,2716.79,175.4108
1724688360,2717.9,194.9984
1724688420,2720.23,81.4268
1724688480,2721.36,76.5869
1724688540,2720.44,103.411
1724688600,2723.68,68.8145
1724688720,2723.61,206.8106
1724688780,2722.02,58.105
1724688960,2719.09,74.5363
1724689020,2720.33,46.3982
1724689080,2718.84,38.4002
1724689140,2717,50.0867
1724689200,2718.49,80.1394
1724689260,2718.1,59.9284
1724689320,2719.75,56.6875
1724689380,2721.11,34.5856
1724689440,2722.13,76.5554
1724689500,2721.95,59.0371
1724689560,2720.84,62.5054
1724689620,2720.65,38.2133
1724689740,2718.8,16.8351
1724689800,2719.93,59.6925
1724689860,2720.95,58.8962
1724689920,2716.49,146.3542
1724689980,2718.39,168.914
1724690040,2718.52,91.2643
1724690100,2721.27,1030.5061
1724690160,2721.01,340.0304
1724690220,2721.39,448.3898
1724690280,2724.74,915.7732
1724690340,2723.14,91.8446
1724690400,2723.11,368.1402
1724690460,2725.07,1906.6071
1724690520,2726.81,510.0445
1724690580,2728.94,537.9936
1724690640,2728.08,169.7514
1724690700,2728.91,112.7143
1724690760,2728.12,966.0279
1724690820,2729.03,323.9737
1724690940,2730.37,169.909
1724691000,2729.6,183.662
1724691060,2729.97,39.9375
1724691120,2726.97,287.1108
1724691240,2725.54,60.2854
1724691300,2727.14,65.5558
1724691360,2726.3,61.0053
1724691420,2726.2,24.2729
1724691480,2725.81,16.3131
1724691540,2726.29,38.477
1724691600,2725.44,129.4962
1724691660,2723.69,41.8072
1724691720,2725.47,284.1644
1724691780,2726.61,126.8228
1724691840,2728.99,101.1337
1724691900,2729.91,105.434
1724691960,2730.3,87.3696
1724692080,2727.96,220.7081
1724692140,2727.11,41.1881
1724692200,2725.93,210.8278
1724692260,2724.9,190.7805
1724692320,2723.49,250.4673
1724692380,2722.95,144.386
1724692440,2722.94,159.955
1724692500,2724.17,283.9791
1724692560,2725.66,117.2074
1724692620,2725.56,108.8082
1724692680,2722.14,300.1369
1724692740,2721.26,203.4817
1724692800,2722.39,230.2185
1724692860,2721.93,337.6599
1724692920,2723.14,199.5968
1724692980,2725.42,182.396
1724693040,2725.6,51.6196
1724693100,2725.33,53.6679
1724693160,2725.93,55.9475
1724693220,2726.59,25.9662
1724693280,2723.28,84.1055
1724693340,2723.84,44.9248
1724693400,2725.39,77.6173
1724693460,2726.01,83.6343
1724693520,2726.66,364.0973
1724693580,2723.05,1227.0213
1724693640,2722.52,43.3313
1724693700,2719.65,180.8705
1724693760,2716.81,358.3585
1724693820,2714.39,370.0454
1724693880,2712.96,270.9399
1724693940,2709.32,191.5965
1724694000,2707.28,577.2711
1724694060,2706.66,148.7836
1724694120,2707.75,239.1149
1724694180,2708.1,156.9355
1724694240,2708.47,71.8008
1724694360,2692.61,5322.8314
1724694420,2693.01,922.9374
1724694480,2692.81,1388.2028
1724694540,2694.68,775.769
1724694600,2693,178.5298
1724694660,2693,272.9144
1724694720,2692.36,285.2228
1724694780,2691.07,709.7744
1724694840,2690.7,137.0317
1724694900,2694,104.5111
1724694960,2692.03,403.2452
1724695020,2695.51,273.4959
1724695080,2697,148.6045
1724695140,2694.89,57.6802
1724695200,2693.81,257.0081
1724695260,2696.8,241.5728
1724695320,2696.61,628.5191
1724695380,2693.02,261.9778
1724695440,2691.91,205.778
1724695500,2693.38,138.4594
1724695560,2692.76,346.6199
1724695620,2689.37,2321.7474
1724695680,2683.07,1400.9011
1724695740,2683.87,1337.1667
1724695800,2680.75,295.2956
1724695860,2681.2,285.2377
1724695920,2682.36,132.6056
1724695980,2688.09,424.5578
1724696040,2688.2,685.5387
1724696100,2684.97,135.3047
1724696160,2682.55,152.5723
1724696220,2680.62,698.017
1724696280,2682.16,200.8018
1724696340,2681.39,84.6256
1724696400,2685.94,437.5244
1724696460,2685.01,86.2013
1724696520,2689.19,100.5418
1724696580,2692.39,225.7927
1724696640,2691.81,157.0663
1724696760,2695.55,248.1248
1724696820,2693.24,126.0097
1724696880,2694.96,75.8285
1724696940,2694.75,219.0917
1724697000,2695.86,417.3051
1724697060,2698.49,252.7065
1724697120,2698.28,307.2029
1724697180,2697.66,152.1676
1724697300,2700.02,275.9931
1724697360,2701.73,225.5359
1724697420,2700.82,85.6433
1724697480,2699.51,187.1965
1724697540,2702.53,80.6122
1724697600,2704.21,166.5497
1724697660,2703.35,79.3292
1724697720,2701.9,78.6038
1724697780,2701.7,125.2948
1724697840,2700.95,39.8446
1724697900,2700.88,166.669
1724697960,2698.61,140.7292
1724698020,2698.53,91.0414
1724698080,2696.19,97.4892
1724698140,2697.36,118.5506
1724698200,2698.6,50.5433
1724698260,2697.11,93.5387
1724698320,2698.78,134.8636
1724698380,2696.45,28.4379
1724698440,2698.12,80.7239
1724698500,2698.8,46.2669
1724698560,2697.64,117.5488
1724698620,2698.64,95.4245
1724698680,2697.71,62.8375
1724698740,2697.77,53.8086
1724698800,2698.33,52.4702
1724698860,2698.73,82.0062
1724698920,2697.98,152.7044
1724698980,2700.41,136.5779
1724699040,2696.01,152.9695
1724699100,2693.07,60.6089
1724699220,2690.75,108.0734
1724699280,2692.11,147.9662
1724699340,2692.76,48.0121
1724699400,2694.21,571.6288
1724699460,2697.24,154.8148
1724699520,2697.68,70.3169
1724699580,2696.09,57.5837
1724699640,2695.2,87.8219
1724699700,2694.69,121.153
1724699760,2690.57,77.0202
1724699820,2692.56,162.8502
1724699880,2692.41,97.474
1724699940,2692.14,89.6526
1724700000,2694.56,64.6918
1724700060,2697.51,75.8203
1724700120,2696.7,49.8313
1724700180,2695.5,61.2015
1724700240,2692.2,190.4924
1724700300,2690.53,62.715
1724700360,2689.53,54.4416
1724700420,2690.86,78.6085
1724700480,2690.38,110.4987
1724700600,2690.16,227.6463
1724700660,2692.07,129.5443
1724700720,2692.86,49.6901
1724700780,2691.34,92.6214
1724700840,2692.2,84.7582
1724700900,2692.06,70.163
1724700960,2691.27,38.3284
1724701020,2691.37,103.6436
1724701080,2690.85,44.7645
1724701140,2690.49,33.5506
1724701200,2690.5,141.3439
1724701260,2687.61,305.5737
1724701320,2688.24,240.3946
1724701380,2685.81,230.4467
1724701440,2683.85,214.3984
1724701500,2685.52,150.419
1724701560,2684.34,102.3834
1724701620,2682.18,105.1079
1724701680,2683.88,95.5494
1724701740,2683.71,77.7965
1724701800,2684.92,80.3277
1724701860,2685,130.8005
1724701920,2686.97,35.2439
1724701980,2686.06,46.5322
1724702040,2683.71,84.6697
1724702100,2681.47,110.0346
1724702160,2678.33,189.8514
1724702220,2681.15,124.8055
1724702280,2680.52,93.0715
1724702340,2680.83,142.0131
1724702400,2680.55,172.4293
1724702460,2681.53,59.7686
1724702520,2679.1,66.4722
1724702580,2680.74,50.9883
1724702640,2681.98,150.4632
1724702700,2680.62,117.8766
1724702760,2679.6,68.9506
1724702820,2677.51,205.3319
1724702880,2672.16,1357.0385
1724702940,2673.2,466.9953
1724703000,2675.87,74.5855
1724703060,2676.27,90.426
1724703120,2676.21,55.9595
1724703180,2676.32,54.9166
1724703300,2675.63,194.3929
1724703360,2681.12,326.0488
1724703420,2676.79,303.9054
1724703480,2678.35,64.6545
1724703540,2680.19,143.9656
1724703600,2680.86,88.2727
1724703660,2683.17,85.5348
1724703780,2683.53,80.6498
1724703840,2683.31,12.5062
1724703900,2683.35,235.0246
1724703960,2684.42,90.5961
1724704020,2685.41,269.8521
1724704080,2686.28,44.5145
1724704140,2686.74,31.835
1724704200,2685.66,76.636
1724704260,2684.43,45.1867
1724704320,2686.9,66.1449
1724704380,2688.45,76.4736
1724704440,2687.89,162.9767
1724704500,2688.59,123.5779
1724704560,2688.07,87.2093
1724704620,2686.1,36.23
1724704680,2685.88,298.0019
1724704740,2687.88,256.8797
1724704800,2686.83,74.7327
1724704860,2687.92,42.897
1724704920,2689.99,147.6855
1724704980,2689.61,113.0365
1724705040,2690.88,110.8905
1724705100,2689.07,228.6536
1724705160,2690.86,106.6374
1724705220,2691.21,88.4854
1724705280,2691.24,42.7669
1724705340,2691.74,50.4856
1724705400,2692.43,75.0303
1724705460,2692.51,84.2024
1724705520,2689.7,116.0107
1724705580,2688.59,50.4283
1724705700,2689.28,26.943
1724705760,2687.53,86.65
1724705820,2688.21,32.8551
1724705880,2689.43,30.2328
1724705940,2688.5,34.9883
1724706000,2688,71.5956
1724706060,2688.06,22.716
1724706120,2688.64,48.0099
1724706180,2687.25,34.3979
1724706240,2687.5,19.5631
1724706300,2687.64,48.3843
1724706360,2685.17,114.1268
1724706420,2686.2,34.0682
1724706480,2685.68,47.2382
1724706540,2683.85,76.8803
1724706600,2682.22,66.5864
1724706720,2681.33,53.7856
1724706780,2680.82,178.0434
1724706840,2680.15,261.0875
1724706900,2676.79,210.5028
1724706960,2675.82,85.4909
1724707020,2674.35,258.2465
1724707080,2673.19,178.3988
1724707140,2674.66,98.3467
1724707200,2676.59,81.3934
1724707260,2672.44,131.6353
1724707320,2667.88,910.1924
1724707380,2670.2,208.7193
1724707440,2674.93,465.611
1724707500,2672.1,103.3816
1724707560,2677.4,504.9887
1724707620,2676.07,125.4586
1724707680,2679.53,219.7904
1724707740,2676.81,102.9751
1724707800,2676.24,56.7797
1724707860,2674.58,247.4681
1724707920,2678.21,206.4007
1724707980,2680.2,142.1816
1724708040,2682.28,399.9062
1724708100,2680.86,78.3945
1724708160,2681.42,41.6895
1724708220,2680.21,69.0826
1724708280,2680.76,21.9392
1724708340,2680.73,103.7017
1724708400,2677.6,122.8682
1724708460,2681.56,79.82
1724708520,2681.55,17.7336
1724708580,2681.55,50.536
1724708640,2679.22,58.8261
1724708700,2680.8,26.7399
1724708760,2681.9,53.0653
1724708820,2682.39,14.7716
1724708880,2682.27,275.7872
1724708940,2680.27,165.728
1724709000,2681.09,68.5095
1724709060,2681.43,12.1715
1724709120,2683.19,62.8832
1724709180,2685.91,95.079
1724709240,2686.97,61.4822
1724709300,2687.01,80.0246
1724709360,2687.8,58.942
1724709420,2686.22,110.8145
1724709480,2685.62,43.4648
1724709540,2685.54,94.4883
1724709600,2688.36,55.4682
1724709660,2689.67,35.2584
1724709720,2690.49,231.5034
1724709780,2688.42,58.5654
1724709840,2688.95,66.9278
1724709900,2690.91,39.4706
1724709960,2691.33,32.4887
1724710020,2689.41,65.5276
1724710080,2686.92,221.7542
1724710140,2686.03,179.3884
1724710200,2688.37,32.7485
1724710260,2689,37.55
1724710320,2687.73,92.15
1724710380,2688.46,32.0487
1724710440,2689.99,29.2864
1724710500,2688.6,55.8764
1724710560,2688.28,40.9639
1724710680,2687.88,31.7131
1724710740,2686.16,37.4861
1724710800,2686.67,123.3366
1724710860,2687.14,93.8427
1724710920,2687.53,32.9022
1724710980,2689.19,49.6126
1724711040,2688.73,36.5593
1724711100,2687.43,22.7644
1724711160,2689.3,51.4522
1724711220,2689.17,58.0416
1724711280,2688.99,20.4088
1724711340,2687.6,18.3042
1724711400,2688.31,38.4811
1724711460,2689.96,67.7438
1724711520,2689.71,55.4119
1724711580,2689.7,70.0493
1724711700,2688.38,29.6099
1724711760,2689.78,36.7242
1724711820,2689.09,41.7879
1724711880,2689.75,28.2825
1724711940,2686.81,146.5298
1724712060,2687.6,36.7316
1724712120,2685.49,83.1626
1724712180,2683.82,837.9063
1724712240,2685.58,36.6938
1724712300,2687.7,248.6681
1724712360,2686.86,37.3
1724712420,2686.86,25.7934
1724712480,2686.59,18.8403
1724712540,2686.08,28.2416
1724712600,2683.64,59.8333
1724712660,2683.46,66.37
1724712720,2685.4,135.7364
1724712780,2685.79,136.0251
1724712840,2688.39,39.8189
1724712900,2688.78,69.1957
1724712960,2689.85,38.3047
1724713020,2687.98,364.5564
1724713080,2687.08,35.505
1724713140,2686.6,23.2961
1724713200,2684.68,67.5918
1724713260,2688.47,28.9018
1724713320,2687.66,25.4669
1724713380,2686.49,45.0708
1724713440,2686.03,77.3405
1724713500,2685.99,33.8503
1724713560,2687.13,21.8152
1724713620,2685.48,49.8654
1724713680,2685.49,18.5192
1724713740,2685.87,27.0662
1724713800,2687,31.6204
1724713860,2687.52,50.6928
1724713920,2686.91,28.2274
1724713980,2688.47,53.0571
1724714040,2688.87,62.6397
1724714100,2688.34,71.7735
1724714160,2690.14,28.9831
1724714220,2690.43,70.3421
1724714280,2691.07,106.0933
1724714340,2689.9,89.9259
1724714400,2690.39,35.8548
1724714460,2691.99,52.9035
1724714520,2691.68,29.1596
1724714580,2692.71,53.4472
1724714640,2691.72,54.4012
1724714700,2691.22,40.5244
1724714760,2691.98,26.221
1724714820,2691,21.7468
1724714880,2690.63,23.9562
1724714940,2690.37,11.4942
1724715000,2690.77,56.7258
1724715060,2689.9,33.0069
1724715120,2689.57,71.5194
1724715180,2689.57,21.21
1724715240,2690.44,29.9329
1724715300,2689.51,13.6475
1724715360,2688.79,46.0069
1724715420,2688.41,31.0169
1724715480,2687.72,83.2354
1724715540,2687.72,48.4301
1724715600,2686.91,145.8844
1724715660,2686.76,10.0985
1724715720,2686.57,62.5069
1724715780,2685.87,30.6008
1724715900,2686.79,33.3174
1724715960,2685.17,71.3903
1724716020,2683.79,141.3976
1724716080,2683.05,66.1442
1724716200,2682.5,41.546
1724716260,2683.22,64.1534
1724716320,2683.24,39.8899
1724716380,2683.25,40.0824
1724716440,2681.46,68.1789
1724716500,2680.52,285.3379
1724716560,2681.83,42.4617
1724716620,2680.91,129.8746
1724716680,2681.45,67.7013
1724716740,2680.49,147.0472
1724716800,2681.13,407.9882
1724716860,2682.99,136.176
1724716920,2680.84,197.8297
1724716980,2685.8,127.2254
1724717040,2683.41,184.3427
1724717100,2684.52,102.9971
1724717160,2686.2,45.4484
1724717220,2683.42,73.4336
1724717280,2684.93,29.7723
1724717340,2685.63,39.9826
1724717400,2685.6,31.3833
1724717460,2687.4,160.8382
1724717520,2684.79,191.7144
1724717580,2685.59,59.0812
1724717640,2685.89,137.2901
1724717700,2685.64,54.1066
1724717760,2684.43,39.2995
1724717820,2683.33,34.5377
1724717880,2685.35,28.761
1724717940,2688.04,58.8713
1724718000,2689.22,94.1761
1724718060,2689.55,33.5997
1724718120,2688.95,32.262
1724718180,2688.51,27.837
1724718240,2687.79,80.0334
1724718360,2690.01,73.0709
1724718420,2687.47,42.3661
1724718480,2689.73,186.5976
1724718540,2689.64,74.1025
1724718600,2688.4,46.6123
1724718660,2686.29,65.1153
1724718720,2688.07,26.637
1724718780,2689.82,40.7047
1724718840,2688.08,41.5315
1724718900,2689.3,52.4752
1724718960,2690.36,21.8519
1724719020,2692.4,67.1223
1724719080,2693.24,133.7429
1724719140,2692.39,104.5907
1724719200,2690.01,52.5751
1724719260,2691.54,31.5621
1724719320,2691.61,25.0132
1724719380,2691.48,21.5986
1724719440,2692.38,32.8648
1724719500,2692.09,36.1771
1724719560,2689.98,39.4026
1724719620,2690.5,12.1907
1724719680,2688.02,103.7051
1724719740,2689.01,14.5535
1724719800,2684.88,131.6218
1724719860,2682.01,125.1866
1724720040,2680.96,51.0834
1724720100,2677.23,142.9896
1724720160,2676.21,476.0683
1724720220,2674.51,89.9259
1724720280,2677.42,116.8272
1724720340,2677.58,132.0363
1724720400,2677.87,336.7315
1724720460,2679.75,77.0829
1724720520,2682.15,222.9348
1724720580,2685.43,159.2741
1724720640,2686.68,207.3173
1724720700,2686.19,360.5337
1724720760,2685.47,73.0099
1724720820,2685.62,58.7405
1724720880,2684.66,80.8882
1724720940,2683.81,56.8222
1724721000,2682.21,66.5198
1724721060,2680.28,69.3733
1724721120,2684.66,68.2384
1724721180,2684.49,64.238
1724721240,2681.42,152.3359
1724721300,2683.65,97.0823
1724721360,2685.71,107.064
1724721420,2686.6,34.1613
1724721480,2686.7,42.8661
1724721540,2684.14,610.0043
1724721600,2687.31,184.1151
1724721660,2687.91,31.2335
1724721720,2689.2,60.0471
1724721780,2688.56,113.5773
1724721840,2688.79,10.1762
1724721900,2690,43.7158
1724721960,2689.09,67.6869
1724722020,2690.51,233.8178
1724722080,2690.79,73.1895
1724722140,2691.33,117.5611
1724722200,2690.37,211.848
1724722260,2691.74,254.4703
1724722320,2692.9,141.8834
1724722380,2692.32,130.2797
1724722440,2693.66,59.4566
1724722500,2692.22,161.385
1724722560,2690.4,89.0508
1724722680,2688.68,47.5377
1724722740,2689.2,35.3975
1724722800,2685.63,163.653
1724722860,2685.25,45.1456
1724722920,2684.01,171.4098
1724723040,2684.73,19.0296
1724723100,2682.91,37.1032
1724723160,2683.19,34.8595
1724723220,2683.38,82.1076
1724723280,2683.42,32.3066
1724723340,2684.97,136.0575
1724723400,2685.31,45.6448
1724723460,2684.8,25.6854
1724723520,2684.43,36.8386
1724723580,2685.37,14.5721
1724723700,2686,56.8114
1724723760,2685.6,53.6343
1724723820,2685.22,64.2301
1724723880,2680.01,209.1345
1724723940,2680,166.2215
1724724000,2678.53,86.1884
1724724060,2680.39,81.7918
1724724120,2680.4,68.2651
1724724180,2682.41,167.0124
1724724240,2681.29,448.2868
1724724300,2679.82,167.98
1724724360,2681.8,284.8865
1724724420,2683.16,308.5329
1724724480,2682.81,356.85
1724724540,2683,235.2889
1724724600,2685.63,94.9272
1724724660,2686.08,69.828
1724724720,2687.16,29.1498
1724724780,2686.93,42.0587
1724724840,2687.24,52.6375
1724724900,2688.8,31.3039
1724724960,2687.75,74.9804
1724725020,2689.32,108.8848
1724725080,2687.83,50.9682
1724725140,2688.21,31.9364
1724725200,2686.81,52.6899
1724725260,2685.96,27.1633
1724725320,2686.5,123.2715
1724725380,2685.39,41.0835
1724725440,2685.63,54.1999
1724725500,2685.61,71.0226
1724725560,2685.75,60.2065
1724725620,2684.54,72.0237
1724725680,2684.86,19.7146
1724725740,2684.4,45.1337
1724725800,2684,103.3782
1724725860,2684.55,64.155
1724725920,2685.4,34.094
1724725980,2684.64,21.1794
1724726040,2684.23,18.6852
1724726100,2685.58,39.9193
1724726160,2686.26,35.8095
1724726220,2685.01,36.0412
1724726280,2683.86,73.1562
1724726340,2684.02,26.6359
1724726400,2683.61,15.2517
1724726460,2680.49,85.6386
1724726520,2679.02,110.5033
1724726580,2676,179.6993
1724726640,2674.55,126.7861
1724726700,2674.34,93.4417
1724726760,2672.58,124.328
1724726820,2674.53,109.4399
1724726880,2675.05,74.7522
1724726940,2673.13,206.3236
1724727000,2674.19,144.0712
1724727060,2675.29,196.3411
1724727120,2677.12,100.4799
1724727180,2678.4,20.2366
1724727240,2678.01,17.2881
1724727360,2679.19,32.98
1724727420,2678.51,90.1111
1724727480,2679.35,43.8786
1724727540,2676.91,133.3488
1724727600,2675.4,211.2842
1724727660,2675.18,67.9152
1724727720,2676.26,64.0402
1724727780,2673.86,181.0325
1724727840,2673.25,198.2949
1724727900,2673.8,68.3995
1724727960,2674.79,53.769
1724728020,2671.61,152.1768
1724728080,2673.1,146.331
1724728140,2670.42,43.5644
1724728200,2670.59,271.5022
1724728260,2669.51,68.5912
1724728320,2667.69,261.794
1724728440,2669.45,34.4842
1724728500,2670.19,90.6215
1724728560,2673.64,165.8822
1724728620,2673.31,79.4311
1724728680,2672.45,48.7
1724728740,2673.76,34.098
1724728800,2673.64,133.5908
1724728860,2674.83,204.3441
1724728920,2675.15,48.0097
1724728980,2676.29,127.7165
1724729040,2675.91,29.9726
1724729100,2678.39,89.0047
1724729160,2678.04,32.5988
1724729220,2678.77,56.9488
1724729280,2680.01,465.105
1724729340,2679.59,283.3015
1724729400,2679.38,94.7976
1724729460,2678,36.5377
1724729520,2680.57,176.3902
1724729580,2679.28,183.1759
1724729640,2679.49,141.038
1724729700,2680.46,34.2162
1724729760,2681.75,483.5455
1724729820,2682.2,58.8785
1724729940,2680.95,64.5438
1724730000,2681.54,20.8872
1724730060,2682,17.5852
1724730120,2681.01,120.76
1724730180,2680.68,37.203
1724730240,2680.47,22.7236
1724730300,2683.42,103.7405
1724730360,2683.76,168.7895
1724730420,2682.67,54.0709
1724730480,2682.14,28.109
1724730540,2683.16,26.2816
1724730600,2683.59,43.9373
1724730660,2683.38,22.5048
1724730720,2683.81,25.5545
1724730780,2684.58,26.6498
1724730840,2684.08,91.3388
1724730900,2685.88,64.7388
1724730960,2685.02,24.4882
1724731020,2685.39,118.5886
1724731080,2684.65,15.3606
1724731140,2685.27,28.2939
1724731200,2684.96,129.1894
1724731260,2685.63,122.1625
1724731320,2683.73,70.8927
1724731380,2683.73,135.2862
1724731500,2684.74,423.9225
1724731560,2688.07,394.7835
1724731620,2687.36,158.7745
1724731740,2687.51,38.9819
1724731800,2688.39,62.4542
1724731860,2689.32,68.3958
1724731920,2687.25,79.2197
1724731980,2687.25,240.7152
1724732040,2685.74,117.7748
1724732100,2685.62,23.5095
1724732160,2685.62,59.8965
1724732220,2685.96,79.5862
1724732280,2684.6,294.1003
1724732340,2684,163.3693
1724732400,2684.99,215.3632
1724732460,2683.78,169.6378
1724732520,2683.67,263.3589
1724732580,2683,125.9397
1724732640,2682.83,236.0116
1724732700,2683.38,177.6639
1724732760,2682.99,134.3337
1724732820,2682,128.2713
1724732880,2682.8,163.47
1724732940,2681.37,166.1828
1724733000,2680.79,151.1015
1724733060,2680.92,147.0999
1724733120,2683.95,248.5124
1724733180,2683.8,195.8939
1724733240,2683.98,131.9029
1724733300,2686.17,339.6743
1724733360,2688.09,203.5427
1724733420,2687.2,137.304
1724733480,2686.6,316.6221
1724733540,2686.94,409.7698
1724733600,2687.33,341.0351
1724733660,2688.17,206.8388
1724733720,2688.2,164.3432
1724733780,2688.05,186.1755
1724733840,2686.8,247.6952
1724733900,2687.9,196.589
1724733960,2686.39,177.1671
1724734020,2687.76,143.6446
1724734080,2687.64,134.7919
1724734140,2687.96,154.5386
1724734200,2688.1,225.6637
1724734260,2688.12,205.3397
1724734320,2687.43,273.9059
1724734380,2687.11,163.747
1724734440,2686.54,137.9508
1724734500,2686.25,184.1817
1724734560,2686.38,196.9586
1724734620,2686.81,188.3104
1724734680,2685.84,185.5519
1724734740,2686.47,214.5794
1724734800,2687.78,175.4878
1724734860,2687.84,167.6075
1724734920,2687.79,124.671
1724734980,2688.48,177.758
1724735040,2689.14,167.7671
1724735100,2688.69,187.88
1724735160,2689.63,248.1894
1724735220,2690.56,148.4665
1724735280,2689.79,229.0669
1724735340,2690.22,151.6923
1724735400,2690.76,176.4843
1724735460,2690.19,129.9763
1724735520,2690.47,39.7605
1724735580,2689.49,114.2747
1724735640,2690.87,153.6473
1724735700,2691.34,142.1174
1724735760,2692.73,138.9778
1724735820,2691.58,191.8704
1724735880,2693.62,594.048
1724735940,2694.34,229.2438
1724736000,2694.6,135.6524
1724736060,2694.2,89.6789
1724736120,2694.17,113.4924
1724736180,2693.01,197.4006
1724736240,2694.16,68.4361
1724736300,2694.46,34.1609
1724736360,2693.26,179.3726
1724736420,2694.56,173.8098
1724736480,2692.98,170.6771
1724736540,2693.11,51.0089
1724736600,2693.4,51.1533
1724736720,2694.18,67.212
1724736780,2695.47,42.8542
1724736900,2697,199.5295
1724736960,2696.45,76.2834
1724737020,2696.48,83.6527
1724737140,2695.31,98.2673
1724737200,2696.15,104.5705
1724737260,2695.81,337.9755
1724737320,2695.67,62.7917
1724737380,2698.48,1463.5299
1724737440,2698.38,220.0471
1724737500,2696.45,414.9618
1724737560,2696.22,123.5682
1724737620,2697.42,354.752
1724737740,2697.4,557.1075
1724737800,2698.6,66.1642
1724737860,2698.51,404.5389
1724737920,2697.62,39.5966
1724737980,2698.28,159.5275
1724738040,2698.86,381.762
1724738100,2699.59,75.8261
1724738160,2693.96,1318.5244
1724738220,2694.78,104.6452
1724738280,2696.76,54.8953
1724738340,2696.84,64.5674
1724738400,2695.42,158.4758
1724738460,2693.73,146.0121
1724738520,2693.28,98.4189
1724738580,2694.19,80.9359
1724738640,2694.77,69.6382
1724738760,2694.99,173.768
1724738820,2696.58,93.0167
1724738880,2695.89,51.2036
1724739000,2697.24,120.7988
1724739060,2697.25,92.2336
1724739120,2697.72,78.9327
1724739180,2698.07,194.489
1724739240,2697.37,69.1999
1724739300,2698.44,124.3294
1724739360,2697,45.322
1724739420,2695.81,60.0603
1724739480,2695.01,160.933
1724739540,2693.56,67.1711
1724739600,2693.82,47.1365
1724739660,2694,106.9194
1724739720,2693.65,28.2728
1724739780,2693.21,32.6837
1724739840,2692.83,88.5089
1724739900,2692.19,45.6501
1724739960,2690.39,201.1221
1724740020,2690.5,144.3238
1724740080,2688.62,84.7059
1724740140,2688.35,163.3397
1724740200,2687.52,142.5037
1724740260,2686.37,98.3711
1724740320,2688.04,98.082
1724740380,2686.78,47.7511
1724740440,2683.42,155.5526
1724740500,2678.34,1138.4123
1724740560,2680.21,757.7385
1724740620,2677.2,224.2277
1724740680,2679.41,279.1505
1724740740,2678.9,87.3784
1724740800,2681.06,63.2871
1724740860,2678.33,255.1733
1724740980,2676.69,94.5806
1724741040,2676.69,67.9156
1724741100,2675.68,43.3804
1724741160,2675.73,92.1924
1724741220,2679.11,233.3227
1724741280,2678.64,138.4495
1724741340,2679.03,47.2031
1724741400,2679.53,80.26
1724741460,2680.4,67.9613
1724741520,2678.85,27.7746
1724741580,2678.23,59.9553
1724741640,2678.5,24.1131
1724741700,2678.62,20.6388
1724741760,2678.41,59.1415
1724741820,2677.19,67.4266
1724741880,2677.9,42.7172
1724741940,2678.88,55.8231
1724742000,2679.7,66.0075
1724742060,2681.8,67.7783
1724742120,2681.96,64.1752
1724742180,2683.6,81.106
1724742240,2684.49,38.7117
1724742300,2682.8,337.3061
1724742360,2684.2,29.5588
1724742480,2684.98,40.9879
1724742540,2686.01,48.3072
1724742600,2685.17,52.2949
1724742660,2686.99,68.8025
1724742720,2686.33,60.5532
1724742780,2686.54,54.8643
1724742840,2687.06,233.7177
1724742900,2686.09,79.0179
1724742960,2684.97,128.5166
1724743020,2682.32,367.8923
1724743080,2683.31,56.1413
1724743140,2684.3,55.1845
1724743200,2684.47,31.0879
1724743260,2685.53,179.3341
1724743320,2685.9,41.529
1724743380,2685.69,36.8446
1724743440,2685.58,58.3421
1724743500,2686.59,76.0477
1724743560,2686.5,25.1447
1724743620,2688.34,123.4685
1724743680,2689.61,126.0293
1724743740,2688.33,20.1713
1724743800,2687.74,35.4234
1724743860,2688.51,52.5627
1724743920,2687.88,139.4673
1724743980,2689.35,50.4718
1724744040,2691.18,134.0445
1724744100,2691.37,69.1271
1724744160,2692.57,43.4956
1724744220,2691.41,57.8988
1724744280,2690.54,68.6281
1724744340,2689.57,43.417
1724744400,2689.96,48.7437
1724744460,2688.06,65.6756
1724744580,2685.01,131.6106
1724744640,2684.01,87.5421
1724744700,2684.38,110.0409
1724744760,2685.22,63.8817
1724744820,2685.85,59.9614
1724744880,2686.8,62.1641
1724744940,2687.13,165.9489
1724745000,2687.52,84.4813
1724745060,2687.5,95.6303
1724745120,2685.93,82.4172
1724745180,2686.56,37.6605
1724745240,2686.79,29.0526
1724745300,2687.62,107.8562
1724745360,2687.86,54.9893
1724745420,2687.79,33.6911
1724745480,2687.89,64.8538
1724745540,2687.9,20.4026
1724745660,2689.99,30.0662
1724745780,2689.56,47.8858
1724745840,2691.82,50.4108
1724745900,2690.58,56.1741
1724745960,2689.75,36.4073
1724746020,2689.48,32.3629
1724746080,2688.68,33.1475
1724746140,2687.02,57.2395
1724746200,2686.65,49.2129
1724746260,2685.4,75.0664
1724746320,2684.26,40.4372
1724746380,2683.49,50.7263
1724746440,2684.6,47.5789
1724746500,2682.61,74.4829
1724746560,2681.31,87.9189
1724746680,2677.91,111.2251
1724746740,2679.14,75.1588
1724746800,2680.4,87.4111
1724746860,2679.45,50.5443
1724746920,2679.18,51.108
1724746980,2679.61,28.2022
1724747040,2678.33,105.7302
1724747100,2676.59,107.8275
1724747160,2676.58,54.9002
1724747220,2676.42,52.7617
1724747280,2676.5,289.3683
1724747340,2677.08,97.4418
1724747400,2678.01,59.4906
1724747460,2678,162.0209
1724747520,2675.29,109.0121
1724747580,2678.01,90.946
1724747640,2676.81,70.8364
1724747700,2675.83,40.6716
1724747760,2677,102.747
1724747820,2676.57,26.5057
1724747880,2676.5,167.0137
1724747940,2679.09,89.8893
1724748000,2678.52,18.7791
1724748060,2677.46,26.7362
1724748120,2675.81,48.6106
1724748180,2677.55,60.7194
1724748240,2678.19,41.0687
1724748300,2680.39,60.7625
1724748360,2681.79,131.322
1724748420,2681.4,102.5547
1724748480,2681.3,90.359
1724748540,2682.05,112.3557
1724748600,2682.8,25.7321
1724748660,2681.79,137.6099
1724748720,2681.42,37.3055
1724748780,2682.38,28.3883
1724748840,2683.59,30.3687
1724748900,2684.06,36.1339
1724748960,2685,52.3378
1724749020,2685.93,30.5357
1724749080,2685.04,41.3299
1724749140,2685.04,11.3375
1724749200,2683.75,74.1595
1724749260,2683.7,57.959
1724749320,2684.39,83.9323
1724749440,2685.98,48.7349
1724749500,2687,41.5201
1724749560,2687.45,81.112
1724749620,2688.55,81.1054
1724749680,2685.62,61.9295
1724749740,2684.4,45.5993
1724749800,2684.4,83.5668
1724749860,2684.59,18.1182
1724749920,2684.7,27.4998
1724749980,2684.7,47.8838
1724750040,2687.19,103.6665
1724750100,2687.21,166.3506
1724750220,2687.4,91.9112
1724750280,2688.17,51.9813
1724750340,2687.73,69.9308
1724750400,2687.96,64.4522
1724750460,2687.2,34.6813
1724750520,2686.4,40.0328
1724750580,2686.4,62.6164